{
    "start": 1701018329.7187202,
    "end": 1701019023.2115753,
    "model": null
}