{
    "start": 1699632362.2723386,
    "end": 1699632371.3558328,
    "model": null
}