{
    "start": 1699641724.1641245,
    "end": 1699641733.7071645,
    "model": null
}