{
    "start": 1699356023.0236282,
    "end": 1699356024.1174388,
    "model": null
}