{
    "start": 1699297922.185414,
    "end": 1699297923.300288,
    "model": null
}