{
    "start": 1699637644.5275502,
    "end": 1699637653.4741096,
    "model": null
}