{
    "start": 1699270013.9503064,
    "end": 1699270015.344487,
    "model": null
}